date,ticker,name,entry_price,signal,signal_score,has_squeeze,has_houyi,has_whale,close_above_ma20,ma20_slope,ma20_converging,volume_expansion,volume_expansion_ratio,rs_ratio,rs_slope_5d,rs_new_high_60,ranking_score,experimental_score,rs_component_score,ranking_score_version,feature_schema_version,feature_schema_date,scan_id,rank_position_v1,ranking_percentile_v1,rank_position_v2,ranking_percentile_v2,return_5d,return_10d,return_14d,return_20d,max_favorable_excursion_14d,max_adverse_excursion_14d,hit_5pct_14d,days_to_peak_14d,drawdown_before_hit_5pct,hit_5pct_before_minus_5pct,current_price,return_pct,strategy_return_pct,days_tracked,last_updated,status,type,pattern,momentum,prev_momentum,energy_level,squeeze_on,fired,market_regime,benchmark_ticker,value_score,benchmark_symbol,benchmark_period,benchmark_source,benchmark_last_date,stop_loss_rule,stop_loss_threshold,stop_loss_triggered,stop_loss_message,stop_loss_ma_window,stop_loss_ticks,stop_loss_tick_size
2026-08-11,000656.SZ,金科股份,1.2899999618530271,觀察 (跌勢收斂),,,,,,,,,,,,,,,,,,,,,,,,,,,,,,,,,,1.2899999618530271,0.0,0.0,0,2026-08-11,tracking,buy,squeeze,-0.0033333500226338,-0.0233333309491475,0,True,False,range_bound,000300.SS,,,,,,,,False,,,0,0.01
2026-08-11,002141.SZ,贤丰控股,6.71999979019165,買入 (動能增強),,,,,,,,,,,,,,,,,,,,,,,,,,,,,,,,,,6.71999979019165,0.0,0.0,0,2026-08-11,tracking,buy,squeeze,0.2949999968210856,0.0966666539510091,0,True,False,range_bound,000300.SS,,,,,,,,False,,,0,0.01
2026-08-11,002329.SZ,皇氏集团,3.470000028610229,買入 (動能增強),,,,,,,,,,,,,,,,,,,,,,,,,,,,,,,,,,3.470000028610229,0.0,0.0,0,2026-08-11,tracking,buy,squeeze,0.0116666158040364,-0.0966667334238688,0,True,False,range_bound,000300.SS,,,,,,,,False,,,0,0.01
2026-08-11,002345.SZ,潮宏基,11.649999618530272,強烈買入 (爆發),,,,,,,,,,,,,,,,,,,,,,,,,,,,,,,,,,11.649999618530272,0.0,0.0,0,2026-08-11,tracking,buy,squeeze,0.5249997774759928,0.3999999364217122,0,False,True,range_bound,000300.SS,,,,,,,,False,,,0,0.01
2026-08-11,002399.SZ,海普瑞,10.960000038146973,強烈買入 (爆發),,,,,,,,,,,,,,,,,,,,,,,,,,,,,,,,,,10.960000038146973,0.0,0.0,0,2026-08-11,tracking,buy,squeeze,0.145000139872233,-0.1433332761128743,0,False,True,range_bound,000300.SS,,,,,,,,False,,,0,0.01
2026-08-11,1256.TW,鮮活果汁-KY,178.0,賣出 (動能轉弱),1.0,True,True,False,False,-0.6999999999999886,True,False,0.37528497231697494,0.004024789978795836,-1.0774183442911478,False,1.0,1.0,0.0,v1,phase6a,2026-07-12,scan_20260811_005755,241.0,0.6059113300492611,258.0,0.5779967159277504,,,,,,,False,,,,178.0,0.0,0.0,0,2026-08-11,tracking,sell,squeeze,-4.916666666666666,-4.166666666666666,0,True,False,range_bound,^TWII,,^TWII,2y,yfinance,2026-08-07,,,False,,,0,0.01
2026-08-11,1477.TW,聚陽,222.0,買入 (動能增強),4.0,True,False,True,True,-0.1999999999999886,False,False,0.9857258643667922,0.0050196818836667,0.2321471490770887,False,4.0,5.0,1.0,v1,phase6a,2026-07-12,scan_20260811_005755,11.0,0.9835796387520526,14.0,0.9786535303776684,,,,,,,False,,,,222.0,0.0,0.0,0,2026-08-11,tracking,buy,squeeze,6.5,5.666666666666666,0,True,False,range_bound,^TWII,,^TWII,2y,yfinance,2026-08-07,,,False,,,0,0.01
2026-08-11,2360.TW,致茂,2030.0,賣出 (動能轉弱),0.0,True,False,False,True,9.0,False,False,0.45287273588896587,0.04590069470199746,-1.2124966691533956,False,0.0,0.0,0.0,v1,phase6a,2026-07-12,scan_20260811_005755,463.0,0.2413793103448276,474.0,0.2233169129720854,,,,,,,False,,,,2030.0,0.0,0.0,0,2026-08-11,tracking,sell,squeeze,-27.5,25.833333333333332,0,True,False,range_bound,^TWII,,^TWII,2y,yfinance,2026-08-07,,,False,,,0,0.01
2026-08-11,2379.TW,瑞昱,758.0,買入 (動能增強),3.0,True,True,False,True,0.1000000000000227,False,False,0.5607262612072575,0.0171392741793665,-0.0216966561308429,False,3.0,4.0,1.0,v1,phase6a,2026-07-12,scan_20260811_005755,48.0,0.922824302134647,55.0,0.9113300492610836,,,,,,,False,,,,758.0,0.0,0.0,0,2026-08-11,tracking,buy,squeeze,8.333333333333332,-5.5,1,True,False,range_bound,^TWII,,^TWII,2y,yfinance,2026-08-07,,,False,,,0,0.01
2026-08-11,2480.TW,敦陽科,154.5,賣出 (動能轉弱),1.0,True,True,False,False,-0.44999999999998863,False,False,0.2892448675579756,0.0034934272568761613,-1.5157308151317217,False,1.0,1.0,0.0,v1,phase6a,2026-07-12,scan_20260811_005755,289.0,0.5270935960591133,303.0,0.5041050903119869,,,,,,,False,,,,154.5,0.0,0.0,0,2026-08-11,tracking,sell,squeeze,-4.5,-2.9166666666666665,0,True,False,range_bound,^TWII,,^TWII,2y,yfinance,2026-08-07,,,False,,,0,0.01
2026-08-11,3260.TWO,威剛,411.0,買入 (動能增強),2.0,True,False,False,True,0.3000000000000113,False,False,0.9129452333738564,0.0092931948386802,1.2094266492954642,False,2.0,3.0,1.0,v1,phase6a,2026-07-12,scan_20260811_005755,138.0,0.7750410509031199,116.0,0.8111658456486043,,,,,,,False,,,,411.0,0.0,0.0,0,2026-08-11,tracking,buy,squeeze,32.0,25.0,0,True,False,range_bound,^TWII,,^TWII,2y,yfinance,2026-08-07,,,False,,,0,0.01
2026-08-11,3473.TWO,智通聯網,83.5,強烈賣出 (跌破),0.0,False,False,False,False,-0.29000015258789347,True,True,1.5249889673433363,0.0018880335012890581,-2.836673803657608,False,0.0,0.0,0.0,v1,phase6a,2026-07-12,scan_20260811_005755,502.0,0.17733990147783252,510.0,0.16420361247947454,,,,,,,False,,,,83.5,0.0,0.0,0,2026-08-11,tracking,sell,squeeze,-4.583334604899088,-4.350001017252604,0,False,True,range_bound,^TWII,,^TWII,2y,yfinance,2026-08-07,,,False,,,0,0.01
2026-08-11,4770.TW,上品,221.0,賣出 (動能轉弱),0.0,True,False,False,True,0.22499999999999432,False,False,1.1924916301225352,0.004997070704010561,-1.1074862198378166,False,0.0,0.0,0.0,v1,phase6a,2026-07-12,scan_20260811_005755,514.0,0.15763546798029557,520.0,0.1477832512315271,,,,,,,False,,,,221.0,0.0,0.0,0,2026-08-11,tracking,sell,squeeze,-7.833333333333332,-7.499999999999999,0,True,False,range_bound,^TWII,,^TWII,2y,yfinance,2026-08-07,,,False,,,0,0.01
2026-08-11,5248.TWO,景傳,36.04999923706055,賣出 (動能轉弱),1.0,True,True,False,False,0.0899999618530245,False,False,0.4532004907938978,0.0008151330093534765,-2.510887991602173,False,1.0,1.0,0.0,v1,phase6a,2026-07-12,scan_20260811_005755,340.0,0.4433497536945813,350.0,0.4269293924466338,,,,,,,False,,,,36.04999923706055,0.0,0.0,0,2026-08-11,tracking,sell,squeeze,-4.900000890096028,-3.4500001271565752,0,True,False,range_bound,^TWII,,^TWII,2y,yfinance,2026-08-07,,,False,,,0,0.01
2026-08-11,6199.TWO,天品,97.69999694824219,賣出 (動能轉弱),1.0,True,True,False,False,-0.41500015258789347,True,False,0.7204089380148143,0.0022091121834026347,-1.5056256680957225,False,1.0,1.0,0.0,v1,phase6a,2026-07-12,scan_20260811_005755,354.0,0.42036124794745483,361.0,0.4088669950738916,,,,,,,False,,,,97.69999694824219,0.0,0.0,0,2026-08-11,tracking,sell,squeeze,-3.1333338419596353,-2.2666664123535156,0,True,False,range_bound,^TWII,,^TWII,2y,yfinance,2026-08-07,,,False,,,0,0.01
2026-08-11,6409.TW,旭隼,1040.0,強烈買入 (爆發),3.0,False,False,False,True,1.193518066406341,False,False,1.120106030456068,0.0235156268424026,0.5611547608836531,False,3.0,5.0,2.0,v1,phase6a,2026-07-12,scan_20260811_005755,75.0,0.8784893267651889,29.0,0.9540229885057472,,,,,,,False,,,,1040.0,0.0,0.0,0,2026-08-11,tracking,buy,squeeze,20.63661702473958,0.1018676757812517,0,False,True,range_bound,^TWII,,^TWII,2y,yfinance,2026-08-07,,,False,,,0,0.01
2026-08-11,6586.TWO,醣基,112.5,賣出 (動能轉弱),1.0,True,True,False,False,0.07500000000000284,False,False,1.1074817835852733,0.002543757711317593,-0.34861409048871916,False,1.0,1.0,0.0,v1,phase6a,2026-07-12,scan_20260811_005755,363.0,0.40558292282430214,369.0,0.3957307060755337,,,,,,,False,,,,112.5,0.0,0.0,0,2026-08-11,tracking,sell,squeeze,-6.5,-5.583333333333333,0,True,False,range_bound,^TWII,,^TWII,2y,yfinance,2026-08-07,,,False,,,0,0.01
2026-08-11,6643.TWO,M31,441.0,買入 (動能增強),2.0,True,False,False,True,0.0867568969726448,False,False,0.6061866746474641,0.0099715302283649,0.4548031560475563,False,2.0,2.0,0.0,v1,phase6a,2026-07-12,scan_20260811_005755,191.0,0.6880131362889984,204.0,0.6666666666666666,,,,,,,False,,,,441.0,0.0,0.0,0,2026-08-11,tracking,buy,squeeze,13.167134602864582,4.0866038004557295,0,True,False,range_bound,^TWII,,^TWII,2y,yfinance,2026-08-07,,,False,,,0,0.01
2026-08-11,6820.TWO,連訊,293.0,強烈買入 (爆發),3.0,False,False,False,True,1.3000000000000114,False,True,1.5615007773768663,0.0066250756392538,4.419130203009436,False,3.0,4.0,1.0,v1,phase6a,2026-07-12,scan_20260811_005755,78.0,0.8735632183908046,68.0,0.8899835796387521,,,,,,,False,,,,293.0,0.0,0.0,0,2026-08-11,tracking,buy,squeeze,17.75,4.916666666666667,0,False,True,range_bound,^TWII,,^TWII,2y,yfinance,2026-08-07,,,False,,,0,0.01
2026-08-11,6934.TW,心誠鎂,72.0,強烈賣出 (跌破),0.0,False,False,False,False,-0.37000007629394815,False,False,0.6521287247758647,0.0016280049352432597,-2.1577267798830957,False,0.0,0.0,0.0,v1,phase6a,2026-07-12,scan_20260811_005755,570.0,0.06568144499178982,571.0,0.06403940886699508,,,,,,,False,,,,72.0,0.0,0.0,0,2026-08-11,tracking,sell,squeeze,-5.5,-5.616666158040364,0,False,True,range_bound,^TWII,,^TWII,2y,yfinance,2026-08-07,,,False,,,0,0.01
2026-08-11,7843.TWO,英柏得,124.5,強烈買入 (爆發),3.0,False,False,False,True,0.7241268157958984,False,True,2.114138094475781,0.0028150918671914,2.309442214934765,False,3.0,4.0,1.0,v1,phase6a,2026-07-12,scan_20260811_005755,83.0,0.8653530377668309,70.0,0.8866995073891626,,,,,,,False,,,,124.5,0.0,0.0,0,2026-08-11,tracking,buy,squeeze,7.231077829996744,3.904294331868489,0,False,True,range_bound,^TWII,,^TWII,2y,yfinance,2026-08-07,,,False,,,0,0.01
2026-08-11,7856.TWO,漢測,3775.0,買入 (動能增強),4.0,True,False,True,True,-9.25,True,False,1.0378853076289685,0.0853572032019903,1.645424710268073,False,4.0,5.0,1.0,v1,phase6a,2026-07-12,scan_20260811_005755,39.0,0.9376026272577996,22.0,0.9655172413793104,,,,,,,False,,,,3775.0,0.0,0.0,0,2026-08-11,tracking,buy,squeeze,239.99999999999997,97.49999999999996,0,True,False,range_bound,^TWII,,^TWII,2y,yfinance,2026-08-07,,,False,,,0,0.01
2026-08-11,7892.TWO,元鈦科,501.0,賣出 (動能轉弱),0.0,True,False,False,False,-4.034643554687591,False,False,0.8508410163270782,0.01132820100773435,-3.152063139298722,False,0.0,0.0,0.0,v1,phase6a,2026-07-12,scan_20260811_005755,585.0,0.041050903119868636,586.0,0.03940886699507389,,,,,,,False,,,,501.0,0.0,0.0,0,2026-08-11,tracking,sell,squeeze,-16.575831095377602,-6.923060099283853,0,True,False,range_bound,^TWII,,^TWII,2y,yfinance,2026-08-07,,,False,,,0,0.01
2026-08-11,7926.TWO,中華立鼎,541.0,買入 (動能增強),2.0,True,False,False,True,2.800000000000012,False,False,0.8953681581657875,0.0122326481939806,0.7108579081907873,False,2.0,3.0,1.0,v1,phase6a,2026-07-12,scan_20260811_005755,215.0,0.6486042692939245,131.0,0.7865353037766831,,,,,,,False,,,,541.0,0.0,0.0,0,2026-08-11,tracking,buy,squeeze,22.58333333333333,9.75,0,True,False,range_bound,^TWII,,^TWII,2y,yfinance,2026-08-07,,,False,,,0,0.01
2026-08-11,8081.TW,致新,268.0,買入 (動能增強),3.0,True,True,False,True,-0.4250000000000113,True,True,2.0961904689177566,0.0060597961478499,-0.2219479914013167,False,3.0,3.0,0.0,v1,phase6a,2026-07-12,scan_20260811_005755,87.0,0.8587848932676518,108.0,0.8243021346469622,,,,,,,False,,,,268.0,0.0,0.0,0,2026-08-11,tracking,buy,squeeze,11.333333333333332,6.166666666666666,0,True,False,range_bound,^TWII,,^TWII,2y,yfinance,2026-08-07,,,False,,,0,0.01
2026-07-14,1590.TW,亞德客-KY,1290.0,賣出 (動能轉弱),,,,,,,,,,,,,,,,,,,,,,,,,,,,,,,,,,1570.0,21.705426356589147,-21.705426356589147,28,2026-08-11,completed,sell,squeeze,-65.0,-42.5,0,True,False,bull_trend,^TWII,,,,,,,,False,,,0,0.01
2026-07-14,2382.TW,廣達,380.0,買入 (動能增強),,,,,,,,,,,,,,,,,,,,,,,,,,,,,,,,,,313.5,-17.5,-17.5,28,2026-08-11,completed,buy,squeeze,4.333333333333333,2.0,1,True,False,bull_trend,^TWII,,,,,,,,False,,,0,0.01
2026-07-14,3167.TW,大量,870.0,買入 (動能增強),,,,,,,,,,,,,,,,,,,,,,,,,,,,,,,,,,655.0,-24.71264367816092,-24.71264367816092,28,2026-08-11,completed,buy,squeeze,26.166951497395832,24.305135091145832,0,True,False,bull_trend,^TWII,,,,,,,,False,,,0,0.01
2026-07-14,3498.TWO,陽程,119.5,買入 (動能增強),,,,,,,,,,,,,,,,,,,,,,,,,,,,,,,,,,125.0,4.602510460251046,4.602510460251046,28,2026-08-11,completed,buy,squeeze,4.583333333333333,4.333333333333333,1,True,False,bull_trend,^TWII,,,,,,,,False,,,0,0.01
2026-07-14,3596.TW,智易,189.5,買入 (動能增強),,,,,,,,,,,,,,,,,,,,,,,,,,,,,,,,,,174.0,-8.179419525065963,-8.179419525065963,28,2026-08-11,completed,buy,squeeze,5.999999999999999,5.249999999999999,0,True,False,bull_trend,^TWII,,,,,,,,False,,,0,0.01
2026-07-14,5288.TW,豐祥-KY,181.0,買入 (動能增強),,,,,,,,,,,,,,,,,,,,,,,,,,,,,,,,,,197.5,9.116022099447514,9.116022099447514,28,2026-08-11,completed,buy,squeeze,3.4166666666666665,1.75,0,True,False,bull_trend,^TWII,,,,,,,,False,,,0,0.01
2026-07-14,5471.TW,松翰,62.59999847412109,買入 (動能增強),,,,,,,,,,,,,,,,,,,,,,,,,,,,,,,,,,56.70000076293945,-9.42491670126909,-9.42491670126909,28,2026-08-11,completed,buy,squeeze,2.877485911051432,2.271691004435221,0,True,False,bull_trend,^TWII,,,,,,,,False,,,0,0.01
2026-07-14,6223.TWO,旺矽,6300.0,強烈賣出 (跌破),,,,,,,,,,,,,,,,,,,,,,,,,,,,,,,,,,6225.0,-1.1904761904761905,1.1904761904761905,28,2026-08-11,completed,sell,squeeze,-22.820963541666664,79.07609049479166,0,False,True,bull_trend,^TWII,,,,,,,,False,,,0,0.01
2026-07-14,6239.TW,力成,304.0,賣出 (動能轉弱),,,,,,,,,,,,,,,,,,,,,,,,,,,,,,,,,,288.5,-5.098684210526316,5.098684210526316,28,2026-08-11,completed,sell,squeeze,-25.58333333333333,-24.0,0,True,False,bull_trend,^TWII,,,,,,,,False,,,0,0.01
2026-07-14,6683.TWO,雍智科技,1510.0,賣出 (動能轉弱),,,,,,,,,,,,,,,,,,,,,,,,,,,,,,,,,,1230.0,-18.543046357615893,18.543046357615893,28,2026-08-11,completed,sell,squeeze,-88.61238606770833,-35.163187662760414,0,True,False,bull_trend,^TWII,,,,,,,,False,,,0,0.01
2026-07-14,6705.TWO,振躍精密,95.3000030517578,買入 (動能增強),,,,,,,,,,,,,,,,,,,,,,,,,,,,,,,,,,98.0,2.8331551540201136,2.8331551540201136,28,2026-08-11,completed,buy,squeeze,4.833389282226562,4.733388264973958,0,True,False,bull_trend,^TWII,,,,,,,,False,,,0,0.01
2026-07-14,6781.TW,AES-KY,1060.0,賣出 (動能轉弱),,,,,,,,,,,,,,,,,,,,,,,,,,,,,,,,,,1195.0,12.735849056603774,-12.735849056603774,28,2026-08-11,completed,sell,squeeze,-28.89231363932291,-12.11663818359375,0,True,False,bull_trend,^TWII,,,,,,,,False,,,0,0.01
2026-07-14,6789.TW,采鈺,482.0,賣出 (動能轉弱),,,,,,,,,,,,,,,,,,,,,,,,,,,,,,,,,,441.5,-8.402489626556017,8.402489626556017,28,2026-08-11,completed,sell,squeeze,-24.95531209309896,-17.82868448893229,0,True,False,bull_trend,^TWII,,,,,,,,False,,,0,0.01
2026-07-14,6829.TWO,千附精密,256.5,強烈買入 (爆發),,,,,,,,,,,,,,,,,,,,,,,,,,,,,,,,,,200.0,-22.02729044834308,-22.02729044834308,28,2026-08-11,completed,buy,squeeze,15.753397623697916,11.840326944986977,0,False,True,bull_trend,^TWII,,,,,,,,False,,,0,0.01
2026-07-14,6847.TWO,普瑞博,74.19999694824219,買入 (動能增強),,,,,,,,,,,,,,,,,,,,,,,,,,,,,,,,,,80.5,8.490570499824072,8.490570499824072,28,2026-08-11,completed,buy,squeeze,4.283335367838542,4.233336130777994,0,True,False,bull_trend,^TWII,,,,,,,,False,,,0,0.01
2026-07-14,6949.TW,沛爾生醫-創,935.0,買入 (動能增強),,,,,,,,,,,,,,,,,,,,,,,,,,,,,,,,,,948.0,1.390374331550802,1.390374331550802,28,2026-08-11,completed,buy,squeeze,55.66666666666666,42.83333333333333,0,True,False,bull_trend,^TWII,,,,,,,,False,,,0,0.01
2026-07-14,7815.TWO,新特,362.0,強烈賣出 (跌破),,,,,,,,,,,,,,,,,,,,,,,,,,,,,,,,,,313.5,-13.39779005524862,13.39779005524862,28,2026-08-11,completed,sell,squeeze,-23.666666666666664,-15.416666666666666,0,False,True,bull_trend,^TWII,,,,,,,,False,,,0,0.01
2026-07-14,7827.TW,漢康-KY創,164.5,買入 (動能增強),,,,,,,,,,,,,,,,,,,,,,,,,,,,,,,,,,160.0,-2.735562310030395,-2.735562310030395,28,2026-08-11,completed,buy,squeeze,9.583333333333334,9.5,0,True,False,bull_trend,^TWII,,,,,,,,False,,,0,0.01
2026-07-14,7892.TWO,元鈦科,691.0,強烈賣出 (跌破),,,,,,,,,,,,,,,,,,,,,,,,,,,,,,,,,,501.0,-27.496382054992765,27.496382054992765,28,2026-08-11,completed,sell,squeeze,-54.66666666666666,-40.16666666666666,0,False,True,bull_trend,^TWII,,,,,,,,False,,,0,0.01
2026-07-14,7899.TWO,景美,450.5,賣出 (動能轉弱),,,,,,,,,,,,,,,,,,,,,,,,,,,,,,,,,,349.0,-22.53052164261932,22.53052164261932,28,2026-08-11,completed,sell,squeeze,-42.41666666666666,-31.166666666666664,0,True,False,bull_trend,^TWII,,,,,,,,False,,,0,0.01
2026-07-14,7912.TWO,新聿科,401.5,賣出 (動能轉弱),,,,,,,,,,,,,,,,,,,,,,,,,,,,,,,,,,392.5,-2.2415940224159403,2.2415940224159403,28,2026-08-11,completed,sell,squeeze,-36.58333333333333,-27.08333333333333,0,True,False,bull_trend,^TWII,,,,,,,,False,,,0,0.01
2026-07-14,8021.TW,尖點,487.5,強烈賣出 (跌破),,,,,,,,,,,,,,,,,,,,,,,,,,,,,,,,,,434.5,-10.871794871794872,10.871794871794872,28,2026-08-11,completed,sell,squeeze,-49.91666666666666,-43.99999999999999,0,False,True,bull_trend,^TWII,,,,,,,,False,,,0,0.01
2026-07-14,8098.TWO,慶康科技,404.0,強烈買入 (爆發),,,,,,,,,,,,,,,,,,,,,,,,,,,,,,,,,,403.5,-0.1237623762376237,-0.1237623762376237,28,2026-08-11,completed,buy,squeeze,26.916666666666664,23.25,0,False,True,bull_trend,^TWII,,,,,,,,False,,,0,0.01
2026-07-12,0061.TW,元大寶滬深,24.989999771118164,賣出 (動能轉弱),,,,,,,,,,,,,,,,,,,,,,,,,,,,,,,,,,25.14999961853028,0.6402554977092354,-0.6402554977092354,30,2026-08-11,completed,sell,squeeze,-0.3633337020874023,-0.3400001525878906,0,True,False,bull_trend,^TWII,,,,,,,,False,,,0,0.01
2026-07-12,1103.TW,嘉泥,13.399999618530272,強烈賣出 (跌破),,,,,,,,,,,,,,,,,,,,,,,,,,,,,,,,,,13.199999809265137,-1.4925359325276697,1.4925359325276697,30,2026-08-11,completed,sell,squeeze,-0.1916669209798177,-0.2083334922790527,0,False,True,bull_trend,^TWII,,,,,,,,False,,,0,0.01
2026-04-22,1264.TWO,德麥,276.5,賣出 (動能轉弱),,,,,,,,,,,,,,,,,,,,,,,,,,,,,,,,,,270.5,-2.16998191681736,2.16998191681736,81,2026-07-12,completed,sell,squeeze,-3.166666666666667,-3.0,0,True,False,bull_trend,^TWII,,,,,,,,False,,,0,0.01
2026-04-22,2233.TW,宇隆,245.5,強烈買入 (爆發),,,,,,,,,,,,,,,,,,,,,,,,,,,,,,,,,,252.5,2.8513238289205702,2.8513238289205702,81,2026-07-12,completed,buy,squeeze,7.666666666666666,4.416666666666666,0,False,True,bull_trend,^TWII,,,,,,,,False,,,0,0.01
2026-04-22,2247.TW,汎德永業,229.0,強烈賣出 (跌破),,,,,,,,,,,,,,,,,,,,,,,,,,,,,,,,,,233.0,1.7467248908296942,-1.7467248908296942,81,2026-07-12,completed,sell,squeeze,-3.0,-1.6666666666666667,0,False,True,bull_trend,^TWII,,,,,,,,False,,,0,0.01
2026-04-22,2367.TW,燿華,70.30000305175781,賣出 (動能轉弱),,,,,,,,,,,,,,,,,,,,,,,,,,,,,,,,,,51.5,-26.74253518583273,26.74253518583273,81,2026-07-12,completed,sell,squeeze,-5.699999491373697,-4.050000508626302,0,True,False,bull_trend,^TWII,,,,,,,,False,,,0,0.01
2026-04-22,2408.TW,南亞科,220.0,賣出 (動能轉弱),,,,,,,,,,,,,,,,,,,,,,,,,,,,,,,,,,435.5,97.95454545454544,-97.95454545454544,81,2026-07-12,completed,sell,squeeze,-3.25,-3.25,0,True,False,bull_trend,^TWII,,,,,,,,False,,,0,0.01
2026-04-22,2485.TW,兆赫,72.30000305175781,賣出 (動能轉弱),,,,,,,,,,,,,,,,,,,,,,,,,,,,,,,,,,49.900001525878906,-30.982020166504405,30.982020166504405,81,2026-07-12,completed,sell,squeeze,-3.583332061767578,-1.1166648864746092,0,True,False,bull_trend,^TWII,,,,,,,,False,,,0,0.01
2026-04-22,2755.TWO,揚秦,136.5,賣出 (動能轉弱),,,,,,,,,,,,,,,,,,,,,,,,,,,,,,,,,,138.0,1.098901098901099,-1.098901098901099,81,2026-07-12,completed,sell,squeeze,-2.833333333333333,-1.9166666666666663,0,True,False,bull_trend,^TWII,,,,,,,,False,,,0,0.01
2026-04-22,4768.TWO,晶呈科技,532.0,買入 (動能增強),,,,,,,,,,,,,,,,,,,,,,,,,,,,,,,,,,367.0,-31.015037593984964,-31.015037593984964,81,2026-07-12,completed,buy,squeeze,27.5,20.75,0,True,False,bull_trend,^TWII,,,,,,,,False,,,0,0.01
2026-04-22,4968.TW,立積,122.0,強烈買入 (爆發),,,,,,,,,,,,,,,,,,,,,,,,,,,,,,,,,,111.5,-8.60655737704918,-8.60655737704918,81,2026-07-12,completed,buy,squeeze,6.583333333333333,3.75,0,False,True,bull_trend,^TWII,,,,,,,,False,,,0,0.01
2026-04-22,6438.TW,迅得,183.5,買入 (動能增強),,,,,,,,,,,,,,,,,,,,,,,,,,,,,,,,,,150.0,-18.25613079019073,-18.25613079019073,81,2026-07-12,completed,buy,squeeze,6.583333333333333,6.333333333333334,0,True,False,bull_trend,^TWII,,,,,,,,False,,,0,0.01
2026-04-22,6442.TW,光聖,2340.0,買入 (動能增強),,,,,,,,,,,,,,,,,,,,,,,,,,,,,,,,,,1480.0,-36.75213675213676,-36.75213675213676,81,2026-07-12,completed,buy,squeeze,124.16666666666666,121.66666666666666,0,True,False,bull_trend,^TWII,,,,,,,,False,,,0,0.01
2026-04-22,6526.TW,達發,555.0,強烈買入 (爆發),,,,,,,,,,,,,,,,,,,,,,,,,,,,,,,,,,652.0,17.47747747747748,17.47747747747748,81,2026-07-12,completed,buy,squeeze,22.416666666666664,9.75,0,False,True,bull_trend,^TWII,,,,,,,,False,,,0,0.01
2026-04-22,6568.TWO,宏觀,257.0,強烈買入 (爆發),,,,,,,,,,,,,,,,,,,,,,,,,,,,,,,,,,156.0,-39.29961089494164,-39.29961089494164,81,2026-07-12,completed,buy,squeeze,8.5,5.5,0,False,True,bull_trend,^TWII,,,,,,,,False,,,0,0.01
2026-04-22,6705.TWO,振躍精密,141.0,強烈買入 (爆發),,,,,,,,,,,,,,,,,,,,,,,,,,,,,,,,,,93.0,-34.04255319148936,-34.04255319148936,81,2026-07-12,completed,buy,squeeze,11.88333257039388,0.1833330790201823,0,False,True,bull_trend,^TWII,,,,,,,,False,,,0,0.01
2026-04-22,6720.TWO,久昌,161.5,賣出 (動能轉弱),,,,,,,,,,,,,,,,,,,,,,,,,,,,,,,,,,140.5,-13.0030959752322,13.0030959752322,81,2026-07-12,completed,sell,squeeze,-5.416666666666666,-3.083333333333333,0,True,False,bull_trend,^TWII,,,,,,,,False,,,0,0.01
2026-04-22,6808.TWO,三鼎生技,31.100000381469727,強烈賣出 (跌破),,,,,,,,,,,,,,,,,,,,,,,,,,,,,,,,,,38.34999847412109,23.311890687214024,-23.311890687214024,81,2026-07-12,completed,sell,squeeze,-2.9833329518636065,-2.7833331425984698,0,False,True,bull_trend,^TWII,,,,,,,,False,,,0,0.01
2026-04-22,6818.TWO,連騰,93.5,買入 (動能增強),,,,,,,,,,,,,,,,,,,,,,,,,,,,,,,,,,55.59999847412109,-40.53476099024482,-40.53476099024482,81,2026-07-12,completed,buy,squeeze,8.800000508626301,7.733333587646484,0,True,False,bull_trend,^TWII,,,,,,,,False,,,0,0.01
2026-04-22,8299.TWO,群聯,1765.0,買入 (動能增強),,,,,,,,,,,,,,,,,,,,,,,,,,,,,,,,,,2220.0,25.77903682719547,25.77903682719547,81,2026-07-12,completed,buy,squeeze,41.66666666666666,28.33333333333333,0,True,False,bull_trend,^TWII,,,,,,,,False,,,0,0.01
2026-04-22,8436.TWO,大江,124.0,賣出 (動能轉弱),,,,,,,,,,,,,,,,,,,,,,,,,,,,,,,,,,115.0,-7.258064516129033,7.258064516129033,81,2026-07-12,completed,sell,squeeze,-3.166666666666667,-3.0,0,True,False,bull_trend,^TWII,,,,,,,,False,,,0,0.01
2026-04-22,8472.TWO,夠麻吉,71.9000015258789,賣出 (動能轉弱),,,,,,,,,,,,,,,,,,,,,,,,,,,,,,,,,,80.4000015258789,11.821974714340726,-11.821974714340726,81,2026-07-12,completed,sell,squeeze,-3.866666158040364,-3.25,0,True,False,bull_trend,^TWII,,,,,,,,False,,,0,0.01
2026-04-21,1264.TWO,德麥,276.5,賣出 (動能轉弱),,,,,,,,,,,,,,,,,,,,,,,,,,,,,,,,,,270.5,-2.16998191681736,2.16998191681736,82,2026-07-12,completed,sell,squeeze,-3.0,-2.75,0,True,False,bull_trend,^TWII,,,,,,,,False,,,0,0.01
2026-04-21,1736.TW,喬山,116.0,強烈賣出 (跌破),,,,,,,,,,,,,,,,,,,,,,,,,,,,,,,,,,131.5,13.36206896551724,-13.36206896551724,82,2026-07-12,completed,sell,squeeze,-6.5,-6.416666666666667,0,False,True,bull_trend,^TWII,,,,,,,,False,,,0,0.01
2026-04-21,2059.TW,川湖,3745.0,強烈買入 (爆發),,,,,,,,,,,,,,,,,,,,,,,,,,,,,,,,,,8250.0,120.29372496662216,120.29372496662216,82,2026-07-12,completed,buy,squeeze,10.833333333333345,-91.66666666666664,0,False,True,bull_trend,^TWII,,,,,,,,False,,,0,0.01
2026-04-21,2256.TWO,歐特明,80.0999984741211,強烈買入 (爆發),,,,,,,,,,,,,,,,,,,,,,,,,,,,,,,,,,73.69999694824219,-7.990014541569105,-7.990014541569105,82,2026-07-12,completed,buy,squeeze,8.666667938232422,4.916667938232422,0,False,True,bull_trend,^TWII,,,,,,,,False,,,0,0.01
2026-04-21,2367.TW,燿華,65.5999984741211,賣出 (動能轉弱),,,,,,,,,,,,,,,,,,,,,,,,,,,,,,,,,,51.5,-21.493900612945104,21.493900612945104,82,2026-07-12,completed,sell,squeeze,-4.050000508626302,-2.11666742960612,0,True,False,bull_trend,^TWII,,,,,,,,False,,,0,0.01
